kpi_category,measurement_approach,business_name,project_name,project_category,support_description,support_quality_score,support_quality_category,measurement_quality_score,measurement_quality_category,support_has_metric,support_has_timeframe,measurement_has_metric,measurement_has_timeframe,support_word_count,measurement_word_count
Adoption Rate,Tracking the number of licences issues as a % of near shore headcount (POs raised),ClubWise,"Upskill for AI adoption for Productivity, Efficiency and Upskilling",L1. Using external AI tools for basic internal productivity,"80% of near shore resources with a Copilot licence
(42 users)",3,Poor,3,Poor,TRUE,FALSE,TRUE,FALSE,11,15
Productivity Gains,75% adaptation across Microsoft Office suite within ClubWise Ecosysystem,ClubWise,"Upskill for AI adoption for Productivity, Efficiency and Upskilling",L1. Using external AI tools for basic internal productivity,Near shore team members encouraged to use MS Copilot extensively across the MS Office apps within the ClubWise Ecosystem.  Taking an AI first approach within the tools.,2,Poor,3,Poor,FALSE,FALSE,TRUE,FALSE,27,9
Cost Savings,Under review,ClubWise,"Upskill for AI adoption for Productivity, Efficiency and Upskilling",L1. Using external AI tools for basic internal productivity,Encouraging use of AI tools to reduce the time taken on everyday tasks,4,Fair,0,Very Poor,TRUE,FALSE,FALSE,FALSE,13,2
Integration Depth,75% of Developers using Q Developer in weekly sprints,ClubWise,Upskill R&D to achieve optimized AI use,L2.  Sophisticated AI tooling for development/operations but generally limited to a single department or workflow,100% of development team actively using Amazon Q tools for code review.,3,Poor,5,Fair,TRUE,FALSE,TRUE,TRUE,12,9
Process Improvement,75% 0f code delivered weekly crearted / reviewed weekly using AI tools,ClubWise,Upskill R&D to achieve optimized AI use,L2.  Sophisticated AI tooling for development/operations but generally limited to a single department or workflow,Improved adherence to coding standards and policy will reduce errors and development escapes.,1,Very Poor,5,Fair,FALSE,FALSE,TRUE,TRUE,13,12
Skills Development,Code delivery velocity  increases by 50%  vs benchmark taken in Q3,ClubWise,Upskill R&D to achieve optimized AI use,L2.  Sophisticated AI tooling for development/operations but generally limited to a single department or workflow,Developers will develop code faster and with fewer errors,2,Poor,4,Fair,FALSE,TRUE,TRUE,FALSE,9,11
Adoption Rate,Number of actively used licences in target group - Target 1 licence for each of the 5 teams.  Target 100% adoption,ClubWise,Accelerate Creation of Knowledge Base Articles for Customer Success / Support using AI,L1. Using external AI tools for basic internal productivity,Customer facing teams have at least one team member creating user documentation weekly,2,Poor,6,Good,FALSE,TRUE,TRUE,FALSE,13,21
Productivity Gains,Scribe to be used to update 60 core knowledge base articles by the end of October 2025,ClubWise,Accelerate Creation of Knowledge Base Articles for Customer Success / Support using AI,L1. Using external AI tools for basic internal productivity,This solution will enable internal teams to easily and quickly create user documentation and processes allowing them to focus on more complex problems which will driver more job satisfaction and improve customer experience.,5,Fair,2,Poor,FALSE,TRUE,FALSE,FALSE,33,17
Cost Savings,Cost of LMS less Cost of Scribe licences annually,ClubWise,Accelerate Creation of Knowledge Base Articles for Customer Success / Support using AI,L1. Using external AI tools for basic internal productivity,Enables removal of existing LMS licence costs,3,Poor,5,Fair,TRUE,FALSE,TRUE,TRUE,7,9
Customer Adoption,POC product embedded in the ClubWise live environment for Anytime Australia ahead of Anytime Fitness Key Day Zero sale and used without impact on production system,ClubWise,Day Zero Sale - Joiners Dashboard,L4.  Using AI to enhance existing customer-facing products,Provide easier access to data whilst mitigating the risk of perfromance reduction in the core platform,4,Fair,5,Fair,FALSE,TRUE,TRUE,FALSE,16,26
Usage Metrics,Run at least weekly with output shared with AF AU master franchisor and Purpose Brands,ClubWise,Day Zero Sale - Joiners Dashboard,L4.  Using AI to enhance existing customer-facing products,Validate ClubWise Evolution New Joining Module sales performance,2,Poor,2,Poor,FALSE,TRUE,FALSE,TRUE,8,15
Revenue Impact,System performance in ms 50% faster than ClubWise Dashboard in production,ClubWise,Day Zero Sale - Joiners Dashboard,L4.  Using AI to enhance existing customer-facing products,"AI Dashboard removed requirement for direct access of ClubWise production system in periods of heavy load, impriving system performance and speed of data delivery",4,Fair,5,Fair,FALSE,TRUE,TRUE,TRUE,24,11
Market Differentiation,POC product embedded in the ClubWise live environment in 5 ClubWise Beta clubs by end of May 2026,ClubWise,Insights Plus Module,L5.  Entirely new product capabilities powered by AI,Demostrates ClubWise customer facing AI product capabilities,3,Poor,2,Poor,TRUE,FALSE,FALSE,FALSE,7,18
Competitive Advantage,Number of prompts used in new Dashboard (per client).,ClubWise,Insights Plus Module,L5.  Entirely new product capabilities powered by AI,Active customer use of native language reporting capabilities - competitors do not currently have such functionality in their platforms,4,Fair,5,Fair,FALSE,FALSE,TRUE,TRUE,19,9
Revenue Impact,Number of upsold Insights Modules in 2026.  Target at least 30 paying customers by year end,ClubWise,Insights Plus Module,L5.  Entirely new product capabilities powered by AI,Enhances existing ClubWise Dashboard to create an AI powered sellable module which can be upsold to exisitng clients.,2,Poor,8,Excellent,FALSE,FALSE,TRUE,TRUE,18,16
Employee Satisfaction,Case % handled by Support Agent vs employees from Salesforce (target 20% of cases handed by agent),ClubWise,AI Support Agent,L3.  AI-powered internal business process improvements,Reduction in the volume of cases per support agent,2,Poor,6,Good,FALSE,TRUE,TRUE,FALSE,9,17
Productivity Gains,Salesforce Reporting improvements in average time to respond and resolve,ClubWise,AI Support Agent,L3.  AI-powered internal business process improvements,Improves SLT scores for response and resolve metrics,4,Fair,4,Fair,TRUE,FALSE,TRUE,FALSE,8,10
Cost Savings,Reduction in how to cases managed by Customer Success staff by 20% (via Salesforce),ClubWise,AI Support Agent,L3.  AI-powered internal business process improvements,"Encourages use of AI support tools to improve the customer experience, enhance knowledge base tools and reduce time spent on repetitive support taks to focus on customer engagement and added value",8,Excellent,3,Poor,TRUE,TRUE,TRUE,FALSE,31,14
Employee Satisfaction,50% reduction in cycle time for data migration process,ClubWise,Data migration process improvements,L3.  AI-powered internal business process improvements,Reduces time to complete data migration work for club on-boarding,4,Fair,3,Poor,TRUE,FALSE,TRUE,FALSE,10,9
Productivity Gains,Reductioin of average time to onboard a club with a data migration requirement of 30%,ClubWise,Data migration process improvements,L3.  AI-powered internal business process improvements,Increased capacity for inboarding of clubs,1,Very Poor,3,Poor,FALSE,FALSE,TRUE,FALSE,6,15
Cost Savings,Number of hours returned to the team resulting in operational efficiencies (TBD),ClubWise,Data migration process improvements,L3.  AI-powered internal business process improvements,Reduced effort required to onboard clubs,1,Very Poor,5,Fair,FALSE,FALSE,TRUE,TRUE,6,12
Employee Satisfaction,All 16 developers to have Claude Code.,Jonas Fitness Inc,Claude Code Internal to all developers,L3.  AI-powered internal business process improvements,16 Developers,2,Poor,2,Poor,FALSE,TRUE,FALSE,TRUE,2,7
Productivity Gains,Measuring kanban board KPI's.  Would expect a 30% increase in PBI throughput,Jonas Fitness Inc,Claude Code Internal to all developers,L3.  AI-powered internal business process improvements,30% Increase in Throughput,4,Fair,4,Fair,TRUE,FALSE,TRUE,FALSE,4,12
Cost Savings,,Jonas Fitness Inc,Claude Code Internal to all developers,L3.  AI-powered internal business process improvements,,0,Empty,0,Empty,FALSE,FALSE,FALSE,FALSE,0,0
Adoption Rate,Confirm all 6 have access.,Jonas Fitness Inc,Sales Team Enterprise ChatGPT,L1. Using external AI tools for basic internal productivity,6 Sales FTE to have access to the tool and be trained on how to use it for administrative functions.,2,Poor,0,Very Poor,FALSE,FALSE,FALSE,FALSE,20,5
Productivity Gains,Track time for completion of projects with a 20% increase in time goal.,Jonas Fitness Inc,Sales Team Enterprise ChatGPT,L1. Using external AI tools for basic internal productivity,"ChatGPT helps improve accuracy and saves considerable time by automating billing statement comparisons, answering contract questions, and drafting RFP documents.",6,Good,4,Fair,TRUE,FALSE,TRUE,FALSE,20,13
Cost Savings,,Jonas Fitness Inc,Sales Team Enterprise ChatGPT,L1. Using external AI tools for basic internal productivity,,0,Empty,0,Empty,FALSE,FALSE,FALSE,FALSE,0,0
Adoption Rate,"First step is to measure use cases and the ability to solve them using AI with a goal of one use case identitifed and solved per month, 3 a quarter or .20 a week.",Jonas Fitness Inc,Operations/Maintenance Enterprise ChatGPT,L1. Using external AI tools for basic internal productivity,"Where applicable, give access to Enterprise Chat GPT to teams to help them with day to day functions.",2,Poor,5,Fair,FALSE,FALSE,FALSE,TRUE,18,34
Productivity Gains,"Tracking case efficiency, turnaround time, and other support metrics that should improve as the use of these tools are better understood.  Aim to reduce errors in reconcilation cases by 20%.",Jonas Fitness Inc,Operations/Maintenance Enterprise ChatGPT,L1. Using external AI tools for basic internal productivity,Quickly generates KPI calculations not auto-generated from other tools or that will take time to develop and allows us to report more accurately apples to apples across business units. Reduces manual Excel errors. Allows training team to help compare data or help with billing.,6,Good,6,Good,TRUE,FALSE,TRUE,FALSE,44,30
Cost Savings,,Jonas Fitness Inc,Operations/Maintenance Enterprise ChatGPT,L1. Using external AI tools for basic internal productivity,,0,Empty,0,Empty,FALSE,FALSE,FALSE,FALSE,0,0
Market Differentiation,80% of correct answers and cases that result from a customer being routed from the chat bot to the call center for additional help.,Jonas Fitness Inc,IRIS Chat Bot,L5.  Entirely new product capabilities powered by AI,Provides customers with accurate information when asked from within the Compete application.,3,Poor,5,Fair,TRUE,FALSE,TRUE,FALSE,12,24
Competitive Advantage,"Comparision of the number of calls routed to support and metrics around the use of the tool, inital goal of 20% routed to support.",Jonas Fitness Inc,IRIS Chat Bot,L5.  Entirely new product capabilities powered by AI,Provides quick and easy access to customer questions and saves them time by not having to call into the call center for assitance.,5,Fair,6,Good,TRUE,FALSE,TRUE,FALSE,23,24
Revenue Impact,,Jonas Fitness Inc,IRIS Chat Bot,L5.  Entirely new product capabilities powered by AI,,0,Empty,0,Empty,FALSE,FALSE,FALSE,FALSE,0,0
Employee Satisfaction,20% of correct answers and cases that result from a customer being routed from the chat bot to the call center for additional help.,Jonas Fitness Inc,"IRIS 2.0, IRIS with Voice",L3.  AI-powered internal business process improvements,Provides customers with accurate information when asked from within the Compete application.,3,Poor,5,Fair,TRUE,FALSE,TRUE,FALSE,12,24
Productivity Gains,Comparison of the number of calls routed to support and metrics around the use of the tool with 20% reduction in in person support needed.,Jonas Fitness Inc,"IRIS 2.0, IRIS with Voice",L3.  AI-powered internal business process improvements,Provides quick and easy access to customer questions and saves time by not having to call into the call center for assistance. Increases customer satisfaction for more immediate answers and allows less wait time for more in depth questions with an agent.,6,Good,7,Good,TRUE,FALSE,TRUE,TRUE,42,25
Cost Savings,,Jonas Fitness Inc,"IRIS 2.0, IRIS with Voice",L3.  AI-powered internal business process improvements,,0,Empty,0,Empty,FALSE,FALSE,FALSE,FALSE,0,0
Customer Adoption,"Usage metrics in the front desk of # of users accessing and using the new interface, goal of 20% usage.",Jonas Fitness Inc,Compete AI Project: Phase I - Front Desk Redesign,L4.  Using AI to enhance existing customer-facing products,Customers will be able to access the Front Desk in the traditional fashion but have the ability to flip to the traditional UI which will allow them to gradually get used to the new front desk.,2,Poor,6,Good,FALSE,FALSE,TRUE,FALSE,36,20
Usage Metrics,Customer feedback in focus groups and NPS surveys with satisfaction score increase of 20%.,Jonas Fitness Inc,Compete AI Project: Phase I - Front Desk Redesign,L4.  Using AI to enhance existing customer-facing products,Usage of the new AI feature will address feedback from clients that our FD is too cubersome and involved too many clicks.,2,Poor,4,Fair,FALSE,FALSE,TRUE,FALSE,22,14
Revenue Impact,,Jonas Fitness Inc,Compete AI Project: Phase I - Front Desk Redesign,L4.  Using AI to enhance existing customer-facing products,,0,Empty,0,Empty,FALSE,FALSE,FALSE,FALSE,0,0
Customer Adoption,,Jonas Fitness Inc,"Compete AI Project Phase II: Front Desk Redesign, use of APIs to appear as a web-based product.",L4.  Using AI to enhance existing customer-facing products,,0,Empty,0,Empty,FALSE,FALSE,FALSE,FALSE,0,0
Usage Metrics,Usage metrics in the front desk of # of users accessing and using the new interface.  Goal of 20%.,Jonas Fitness Inc,"Compete AI Project Phase II: Front Desk Redesign, use of APIs to appear as a web-based product.",L4.  Using AI to enhance existing customer-facing products,Usage of the new AI feature will address feedback from clients that our FD is too cubersome and involved too many clicks.,2,Poor,6,Good,FALSE,FALSE,TRUE,FALSE,22,19
Revenue Impact,"Attrition metrics comparision, goal of $100K less attrition.",Jonas Fitness Inc,"Compete AI Project Phase II: Front Desk Redesign, use of APIs to appear as a web-based product.",L4.  Using AI to enhance existing customer-facing products,"Increase client satisfaction with our product and in turn, reduce attrition.",1,Very Poor,1,Very Poor,FALSE,FALSE,FALSE,FALSE,11,8
Market Differentiation,"Evaluate performance through an audit of customer adoption rates, including sign-ups and active usage following the tool’s release, goal of 20% adoption.",Jonas Fitness Inc,Compete AI Project Phase III: Billing Analytic Tool,L5.  Entirely new product capabilities powered by AI,"Our billing intelligence tool will analyze patterns in billing, usage, and customer payment behaviors and will allow our clients to develop unique pricing models (e.g., usage-based, outcome-based, or predictive pricing) and make business decisions based on actual member data.",2,Poor,8,Excellent,FALSE,FALSE,TRUE,TRUE,39,22
Competitive Advantage,Feedback cycles with our Product Owner and NPS surveys of our customers of 20% increase in Satification.,Jonas Fitness Inc,Compete AI Project Phase III: Billing Analytic Tool,L5.  Entirely new product capabilities powered by AI,"Our tool will allow our customers to forecast future revenue streams, customer churn risk, and payment delays.  Our competitors are reactive, predictive intelligence will position JFI as proactive and data-driven.",5,Fair,6,Good,TRUE,FALSE,TRUE,FALSE,30,17
Revenue Impact,"Quarterly/Monthly sales figures.  Increase of $200K in 2027,  $300K in 2028, $500K in 2029.",Jonas Fitness Inc,Compete AI Project Phase III: Billing Analytic Tool,L5.  Entirely new product capabilities powered by AI,The tool will be sold as a seperate module and will be available to both our existing base and new customers.,7,Good,3,Poor,TRUE,TRUE,FALSE,TRUE,21,14
Adoption Rate,"Ensure resource has the tool, has been trained and then tracking progress on usage.",Jonas Fitness Inc,AI Client/Marketing Communication Tool,L1. Using external AI tools for basic internal productivity,1 marketing resource to have access and use the tool.,0,Very Poor,0,Very Poor,FALSE,FALSE,FALSE,FALSE,10,14
Productivity Gains,Conduct time audits to log time spent on marketing activities before and after the adoption of the tool.,Jonas Fitness Inc,AI Client/Marketing Communication Tool,L1. Using external AI tools for basic internal productivity,"Automation Reduces Manual Labor, employee currently spends significant time: Writing and scheduling social posts, formatting and sending emails and updating or maintaining blog content.  By automating these repetitive tasks, the AI tool allows employees to focus on strategic, creative, and revenue-generating activities, rather than administrative or time-consuming posting duties. This directly translates into measurable productivity gains—more output with fewer hours.",8,Excellent,7,Good,TRUE,FALSE,TRUE,FALSE,60,18
Cost Savings,"Meaure number of impressions, clicks and or responses to our campaigns.",Jonas Fitness Inc,AI Client/Marketing Communication Tool,L1. Using external AI tools for basic internal productivity,"If successful, the amount of leads and or impressions from our posts, emails and texts will increase.",3,Poor,3,Poor,FALSE,FALSE,TRUE,FALSE,17,11
Adoption Rate,"Measure the amount of leads received compared to how many are valid, qualified leads.",Jonas Fitness Inc,AI Tool for Lead Generation and Qualification,L1. Using external AI tools for basic internal productivity,Leads will be passed to our sales team and be qualifed as valid based on the type of product we sell.,2,Poor,0,Very Poor,FALSE,FALSE,FALSE,FALSE,21,14
Productivity Gains,Compare our converstion rate from before the use of the tool to after the use of the tool.  Conversion rate of number of demos completed to number of sales completed.,Jonas Fitness Inc,AI Tool for Lead Generation and Qualification,L1. Using external AI tools for basic internal productivity,More qualified leads will lead to more sales and higher conversion rates.,3,Poor,7,Good,TRUE,FALSE,TRUE,FALSE,12,30
Cost Savings,Number of sales compared to number of leads generated and our conversion rate.,Jonas Fitness Inc,AI Tool for Lead Generation and Qualification,L1. Using external AI tools for basic internal productivity,Saves time for our sales team to focus on more sales activities vs. lead generation activities.,5,Fair,3,Poor,TRUE,FALSE,TRUE,FALSE,16,13
Market Differentiation,Total # of clients with the Advanced Email Campaigns module enabled.,EZ_Facility,Advanced Email Campaigns,L5.  Entirely new product capabilities powered by AI,The Advanced Email Campaigns offering improves value perception and closes competitive gaps in the sports and fitness industries. Having the module integrated and enabled eliminates the need for clients to have a separate email marketing solution (often at an added cost).,8,Excellent,0,Very Poor,TRUE,TRUE,FALSE,FALSE,41,11
Competitive Advantage,% of clients with Advanced Email Campaigns enabled who are actively using the module.,EZ_Facility,Advanced Email Campaigns,L5.  Entirely new product capabilities powered by AI,"For those who have the module enabled, greater adoption and usage of the Advanced Email Campaigns module strengthens loyalty and creates additional barriers to switching.",2,Poor,3,Poor,FALSE,FALSE,TRUE,FALSE,25,14
Revenue Impact,Total ARR sold in USD. (Excludes revenue from product bundles that include Advanced Email Campaigns to avoid overlap with other initiatives.),EZ_Facility,Advanced Email Campaigns,L5.  Entirely new product capabilities powered by AI,Advanced Email Campaigns is sold as an upsell (to a higher-tier product bundle) or add-on.,0,Very Poor,5,Fair,FALSE,FALSE,TRUE,FALSE,15,21
Employee Satisfaction,"Zendesk tracks the number of tickets that make use of the AI tools.  We will use this to track adoption of the features as they are added.  We will start small and increase the number as additional features are set up and activated. For October 2025, we are only using the summary and writing tools.",EZ_Facility,Advanced Email Campaigns,L3.  AI-powered internal business process improvements,Ensuring that the support staff is using the new tools that are available will confirm that we are getting the best value out of the added features.,2,Poor,6,Good,FALSE,FALSE,TRUE,FALSE,27,55
Productivity Gains,The metric 'Average time to resolve (business hours)' will be tracked for support tickets thru Zendesk Analytics.  The target will be to have the monthly average less than 24 business hours (3 business days),EZ_Facility,Advanced Email Campaigns,L3.  AI-powered internal business process improvements,"Use of intelligent triage and AI suggested macros will enable the support team to reply to issues quicker, reducing overall time to resolve for tickets.",5,Fair,8,Excellent,TRUE,FALSE,TRUE,TRUE,25,34
Cost Savings,,EZ_Facility,Advanced Email Campaigns,L3.  AI-powered internal business process improvements,,0,Empty,0,Empty,FALSE,FALSE,FALSE,FALSE,0,0
Employee Satisfaction,"Once AI Agents are live, we will use Zendesk Analytics to track the percentage of chats that are transferred to a live agent. In Oct 2025, 46% of chats were transferred to a live agent. The goal will be to reduce this to 25% within 12 months after launching Copilot.",EZ_Facility,Advanced AI Chat Support (via Zendesk Advanced AI Agent),L3.  AI-powered internal business process improvements,"With AI resolving basic support requests, support team members will be able to focus on higher-value customer tickets, tasks, and troubleshooting.",2,Poor,8,Excellent,FALSE,FALSE,TRUE,TRUE,21,50
Productivity Gains,"Zendesk tracks the tickets that customers mark as self-solved, so we will use this metric to track improvements.  In October 2025, we had 0% self-solved issues reported. Within 9 months of launching the AI Agent, we aim to increase this to 7%.",EZ_Facility,Advanced AI Chat Support (via Zendesk Advanced AI Agent),L3.  AI-powered internal business process improvements,AI agents should increase the number of issues that customers can self-solve.,4,Fair,8,Excellent,TRUE,FALSE,TRUE,TRUE,12,42
Cost Savings,,EZ_Facility,Advanced AI Chat Support (via Zendesk Advanced AI Agent),L3.  AI-powered internal business process improvements,,0,Empty,0,Empty,FALSE,FALSE,FALSE,FALSE,0,0
Customer Adoption,"Track % of users who adopt AI scheduling vs manual methods. Measure AI feature usage vs total scheduling operations. Target: 30% adoption by end of Q2 2026, 60% by Q3, 80%+ by Q4.",EZ_Facility,EZLeagues AI Enhancement,L4.  Using AI to enhance existing customer-facing products,Provides intuitive AI-powered scheduling tools that encourage adoption. AI optimizer reduces manual scheduling effort while natural language editor lowers technical barrier to schedule management.,3,Poor,8,Excellent,FALSE,FALSE,TRUE,TRUE,24,33
Usage Metrics,Compare time spent before/after AI adoption per facility. Track average schedule creation time reduction. Target: 40% reduction in schedule creation time (hours saved).,EZ_Facility,EZLeagues AI Enhancement,L4.  Using AI to enhance existing customer-facing products,"AI automates complex scheduling decisions, conflict detection, and schedule optimization. Reduces time spent on manual schedule creation and conflict resolution by intelligently suggesting optimal schedules.",6,Good,10,Excellent,TRUE,FALSE,TRUE,TRUE,25,23
Revenue Impact,"Track upgrades to AI-enabled plans, customer retention improvements, and new customer acquisition attributed to AI features. Monitor revenue increase from AI-enhanced product tiers.",EZ_Facility,EZLeagues AI Enhancement,L4.  Using AI to enhance existing customer-facing products,AI features provide competitive differentiation and customer value. Enables premium pricing for AI-enhanced plans. Improves customer retention through time-saving automation.,6,Good,6,Good,TRUE,FALSE,TRUE,FALSE,20,23
Employee Satisfaction,"Total # of active automations.  We currently have 23 automations in place, with an additional 40 planned for completion by the end of Q2 2026.",EZ_Facility,Salesforce Einstein & Agent Force,L3.  AI-powered internal business process improvements,"By automating routine processes in Salesforce, we’ll streamline workflows, reduce manual input, and enhance the accuracy and reliability of our data across teams.",3,Poor,4,Fair,FALSE,FALSE,FALSE,FALSE,23,25
Productivity Gains,"Weekly customer proactive touchpoints (emails, calls, and meetings).  Our goal is to raise weekly outreach from an average of 59 to 78 unique accounts, expanding our engagement reach and pipeline potential by the end of April 2026.",EZ_Facility,Salesforce Einstein & Agent Force,L3.  AI-powered internal business process improvements,"Will reduce the amount of time spent manually researching accounts, identifying specific risks along with professional service and upsell opportunities.  The time saved through automation and AI insights will also drive higher levels of targeted outbound activity.",6,Good,8,Excellent,TRUE,FALSE,TRUE,TRUE,37,37
Cost Savings,Weekly tasks completed.  We currently complete an average of 155 account-related tasks per week and aim to increase that rate to 232 by the end of Q2 2026.,EZ_Facility,Salesforce Einstein & Agent Force,L3.  AI-powered internal business process improvements,"The productivity gains will enable each Account Manager to effectively manage a larger customer base without increasing workload or risk of burnout, ensuring scalable growth and sustained service quality.",5,Fair,10,Excellent,TRUE,FALSE,TRUE,TRUE,29,28
Employee Satisfaction,"Staff Satisfaction surveys will be conducted as we introduce the Agent and train it to work on, first, Low-IP tasks, and provide copilot support to the support representatives. WE CURRENTLY DO NOT HAVE A BASELINE. THIS WILL BE CONDUCTED PRIOR TO GOING LIVE WITH THE AGENT. IMPROVEMENT GOAL TBD.",Campsite,AI Customer Support Agent,L3.  AI-powered internal business process improvements,The solution will enable customer support resources to concentrate their time to work on more complex problems which will driver more job satisfaction.,5,Fair,5,Fair,TRUE,FALSE,FALSE,FALSE,23,49
Productivity Gains,We will track calls / Agent v calls / Rep and we will ask all callers working with the Agent to leave a short feedback note/rating to determine if this improves their perception of the service. Additonally our normal CSAT surveys will continue.,Campsite,AI Customer Support Agent,L3.  AI-powered internal business process improvements,"If the Agent is able to respond quickly and accurately 24x7 to these requests customers should be very happy with this increases speed of response. Additionally, as tickets occur, support staff will have more time to focus on delivering exceptional responses to customers to address their issues.",6,Good,5,Fair,TRUE,FALSE,FALSE,TRUE,47,43
Cost Savings,"Ticket count satisfactorily closed by Agent / Rep will be measures alongside the ticket count / costs to identify if the two are closely correlated. MR to increase from 5.2 to 7 by Q2 2026, equivelent to $<need amount> OPEX saving.",Campsite,AI Customer Support Agent,L3.  AI-powered internal business process improvements,Shifting low-IP tasks to an Agent will allow us to free up skilled representatives to spend more time on customers and tickets that need specialist attention. Our service capacity will grow faster than OPEX and drive improvements to our MR.,6,Good,6,Good,TRUE,FALSE,TRUE,FALSE,40,41
Integration Depth,"% of workflow steps automated, reduction in manual hours, and # of automated workflows deployed.
Target: ≥30% automation in priority processes within 12 months.",Campsite,AI Powered QA Automation Tool,L2.  Sophisticated AI tooling for development/operations but generally limited to a single department or workflow,"Expands AI use across core workflows to automate manual tasks, increasing efficiency, scalability, and consistency.",0,Very Poor,8,Excellent,FALSE,FALSE,TRUE,TRUE,15,24
Process Improvement,"Pre vs. post cycle time, % reduction achieved, and # of processes with ≥20% improvement.
Target: 25–40% cycle time reduction in Year 1.",Campsite,AI Powered QA Automation Tool,L2.  Sophisticated AI tooling for development/operations but generally limited to a single department or workflow,"Uses AI to streamline processes, reduce hand-offs, and accelerate decision-making, resulting in faster delivery and operational efficiency.",8,Excellent,8,Excellent,TRUE,TRUE,TRUE,TRUE,17,23
Skills Development,"% of employees actively using approved AI tools, training completion rates, and usage frequency.
Target: ≥60% adoption across eligible roles within 12 months.",Campsite,AI Powered QA Automation Tool,L2.  Sophisticated AI tooling for development/operations but generally limited to a single department or workflow,"Builds AI skills and confidence through training, guided use cases, and hands-on practice to increase workforce adoption.",3,Poor,8,Excellent,FALSE,FALSE,TRUE,TRUE,17,23
Market Differentiation,"Feature activation rate (% of eligible users who begin using this feature).
Target: ≥50% activation within 90 days of launch.",Campsite,Natural Language Dashboards,L5.  Entirely new product capabilities powered by AI,"Delivers a net-new AI capability that does not exist in our product today, enhancing customer value and market positioning.",2,Poor,6,Good,FALSE,FALSE,TRUE,FALSE,19,20
Competitive Advantage,"Time required to expand this feature to a new use case.
Target: ≤10 days to deliver the first expansion use case.",Campsite,Natural Language Dashboards,L5.  Entirely new product capabilities powered by AI,"Delivers adaptable AI capabilities that scale to new use cases and functions, strengthening our competitive position.",2,Poor,6,Good,FALSE,FALSE,TRUE,FALSE,16,21
Revenue Impact,"Conversion rate lift attributable to this feature vs. pre-launch baseline.
Target: 10–20% uplift within 6–12 months.",Campsite,Natural Language Dashboards,L5.  Entirely new product capabilities powered by AI,Uses AI-driven insights and recommendations to drive higher-value customer actions and improve business outcomes.,1,Very Poor,10,Excellent,FALSE,FALSE,TRUE,TRUE,14,16
Integration Depth,"% of R&D team actively using Claude Code weekly.
Target: ≥75% weekly active use within 90 days.",Campsite,Claude Code Implementation,L2.  Sophisticated AI tooling for development/operations but generally limited to a single department or workflow,Embeds Claude Code into the engineering workflow to increase daily AI-assisted development and code acceleration.,3,Poor,8,Excellent,FALSE,TRUE,TRUE,TRUE,15,17
Process Improvement,"Average time saved per task vs. baseline.
Target: ≥30% reduction in time to complete common dev tasks within 6 months.",Campsite,Claude Code Implementation,L2.  Sophisticated AI tooling for development/operations but generally limited to a single department or workflow,"Reduces time spent on coding, debugging, and reviews by using Claude Code to accelerate development tasks.",6,Good,10,Excellent,TRUE,FALSE,TRUE,TRUE,16,20
Skills Development,"Increase in completed story points or tasks per developer.
Target: 15–25% gain in output within 6 months.",Campsite,Claude Code Implementation,L2.  Sophisticated AI tooling for development/operations but generally limited to a single department or workflow,"Improves developer efficiency and output quality through AI-assisted coding, leading to higher productivity per engineer.",3,Poor,8,Excellent,FALSE,TRUE,TRUE,TRUE,15,17
Customer Adoption,"Metric: % of eligible customers who enable/use the feature.
Target: ≥60% within 6 months.",Campsite,Bunk Pairing Engine,L4.  Using AI to enhance existing customer-facing products,"Automates complex bunk pairing, removing friction and driving customer uptake.",0,Very Poor,6,Good,FALSE,FALSE,TRUE,TRUE,10,14
Usage Metrics,"Metric: Avg. # of AI pairing runs per customer per month.
Target: ≥3 per month per active customer.",Campsite,Bunk Pairing Engine,L4.  Using AI to enhance existing customer-facing products,"Enables high-volume, repeatable pairing runs through AI automation.",0,Very Poor,5,Fair,FALSE,FALSE,FALSE,TRUE,8,18
Revenue Impact,"ARR attributed to this feature.
Target: $___ ARR within 12 months of launch.",Campsite,Bunk Pairing Engine,L4.  Using AI to enhance existing customer-facing products,Introduces a premium AI-driven feature that expands monetization opportunities and generates new recurring revenue for Campsite.,5,Fair,3,Poor,TRUE,FALSE,FALSE,TRUE,16,13
Employee Satisfaction,"Increase in demos produced per employee.
Target: ≥30% increase within 6 months.",Campsite,Demo Generator,L3.  AI-powered internal business process improvements,"Reduces manual effort and prep time for demo creation, improving workload balance and employee satisfaction.",4,Fair,6,Good,TRUE,FALSE,TRUE,TRUE,15,12
Productivity Gains,"Reduction in time required to create a customized demo.
Target: ≥50% reduction within 3 months of rollout.",Campsite,Demo Generator,L3.  AI-powered internal business process improvements,"Automates demo generation tasks, accelerating turnaround time for custom demos and speeding up sales cycles.",3,Poor,8,Excellent,TRUE,FALSE,TRUE,TRUE,15,17
Cost Savings,"Estimated annual labor cost saved based on hours reduced.
Target: ≥$___ in annual savings.",Campsite,Demo Generator,L3.  AI-powered internal business process improvements,"Cuts labor hours spent building custom demos, reducing personnel and operational costs tied to pre-sales activities.",7,Good,4,Fair,TRUE,TRUE,TRUE,FALSE,16,14
Adoption Rate,Adoption rate %,ClubOS,Increase employee productivity using AI tools (ChatGPT / Claude),L1. Using external AI tools for basic internal productivity,"Playbooks & prompts: Publish short “how-to”s to increase productivity and tool adoption. 
Engineering Slack Channel: Knowledge sharing of usefull prompts, eductional material.
AI programming training: Conducting training sessions to educate engineers on AI codding methods",3,Poor,3,Poor,FALSE,FALSE,TRUE,FALSE,35,3
Productivity Gains,Effective Hours Saved (EHS) per week,ClubOS,Increase employee productivity using AI tools (ChatGPT / Claude),L1. Using external AI tools for basic internal productivity,"Standardize automation: Ship “Automation Playbooks” for the top workflows (PR summary, unit-test generation, CRUD/API scaffolds, bug triage notes, meeting→ticket, design/ADR drafts).
Tight feedback loop: Weekly review of playbook metrics; retire low-ROI steps, improve prompts/examples.
Reviewer gate: Definition of Done requires: tests for AI-generated code, security/static checks, and PR comment “AI steps used.”",8,Excellent,5,Fair,TRUE,TRUE,TRUE,TRUE,52,6
Cost Savings,,ClubOS,Increase employee productivity using AI tools (ChatGPT / Claude),L1. Using external AI tools for basic internal productivity,,0,Empty,0,Empty,FALSE,FALSE,FALSE,FALSE,0,0
Employee Satisfaction,"Active Sign in for users for the previous 7 days for Agents, CSMs, Onboarding and Ops management team (total 30 users)",ClubOS,AI Knowledge Base search for Internal Employees,L3.  AI-powered internal business process improvements,The ability to use an AI knowledge base minimizes the need for manual searches. Reduces stress and frustration of information gaps and helps staff feel more confident and competent.,3,Poor,5,Fair,FALSE,FALSE,TRUE,FALSE,29,21
Productivity Gains,Reduction in average case resolution times for cases opened in the previous reporting period (week).   Industry standard 12-24 Buisness hours.  Set goal of 18 (average),ClubOS,AI Knowledge Base search for Internal Employees,L3.  AI-powered internal business process improvements,The use of AI knowledge has a direct impact to agents ability to handle more cases.   Our current metrics for 2025 has had significant month-month fluctuations and needs to be consistent to meet client expectations,6,Good,8,Excellent,FALSE,TRUE,TRUE,TRUE,35,25
Cost Savings,Reduction in Average Call Handling time for Agents.   Reduce to the Industry Average of 8-10 mins (use average of 9 as the goal),ClubOS,AI Knowledge Base search for Internal Employees,L3.  AI-powered internal business process improvements,"Teams can handle inquires with greater accuracy and speed, allowing the support agents to handle more calls within the day.",2,Poor,6,Good,FALSE,FALSE,TRUE,FALSE,20,23
Customer Adoption,We will track the number of customers using the AI.,ClubOS,AI Knowledge Base search/chat for club staff in ASF,L4.  Using AI to enhance existing customer-facing products,The solution will enable ASF users to find answers from our knowledge base using an AI-supported search.  This will eliminate many general question tickets that typically go to the support team.,5,Fair,3,Poor,TRUE,FALSE,TRUE,FALSE,31,10
Usage Metrics,We will track the number of questions handled by the AI.,ClubOS,AI Knowledge Base search/chat for club staff in ASF,L4.  Using AI to enhance existing customer-facing products,The AI knowledge-base search will provide fast answers to questions asked by club management and staff.  We would like to see the usage of this search increase over time as customers become more aware of it and trust the answers they are getting from the AI.,6,Good,3,Poor,TRUE,FALSE,TRUE,FALSE,46,11
Revenue Impact,Track the total number of cases opened by clubs for general product questions.,ClubOS,AI Knowledge Base search/chat for club staff in ASF,L4.  Using AI to enhance existing customer-facing products,"The solution will reduce the number of support tickets being sent in for general questions about the software, allowing support team members to handle more critical questions and tasks.",6,Good,3,Poor,TRUE,FALSE,TRUE,FALSE,29,13
Customer Adoption,The total number of members using the chat bot to get support.,ClubOS,Member support AI agent,L4.  Using AI to enhance existing customer-facing products,The solution will provide members with chat support that can assist with general questions prior to escalating to support.,2,Poor,3,Poor,FALSE,FALSE,TRUE,FALSE,19,12
Usage Metrics,The total number of inquiries handled by the chat bot that could be handled without escalation to a support rep.,ClubOS,Member support AI agent,L4.  Using AI to enhance existing customer-facing products,The solution will automate handling of answers to general questions.,0,Very Poor,5,Fair,FALSE,FALSE,TRUE,FALSE,10,20
Revenue Impact,Average resolution time for member support cases,ClubOS,Member support AI agent,L4.  Using AI to enhance existing customer-facing products,"For cases that require escalation, the chat bot will provide more information to clearly indicate the member request/issue. This will allow support to more efficiently respond and resolve member support cases.",2,Poor,3,Poor,FALSE,FALSE,TRUE,FALSE,31,7
Customer Adoption,Percentage of customers using AI to create email campaigns vs total campaigns created,ClubOS,AI Content Creation in ClubOS,L4.  Using AI to enhance existing customer-facing products,This solution will allow customers to more quickly generate content for email campaigns while remaining in the ClubOS platform.,5,Fair,5,Fair,TRUE,FALSE,TRUE,TRUE,19,13
Usage Metrics,Total number of prompts sent into the AI to create email content.,ClubOS,AI Content Creation in ClubOS,L4.  Using AI to enhance existing customer-facing products,This solution will allow customers to more quickly generate content for email campaigns while remaining in the ClubOS platform.,5,Fair,3,Poor,TRUE,FALSE,TRUE,FALSE,19,12
Revenue Impact,Additional revenue from new customers or customers requesting additional AI prompts.,ClubOS,AI Content Creation in ClubOS,L4.  Using AI to enhance existing customer-facing products,"Customers have a set number of AI prompts each month, we can negotiate additional prompts on a customer by customer basis.",7,Good,3,Poor,TRUE,TRUE,TRUE,FALSE,21,11
Market Differentiation,Total number of customers using the agent for inbound requests.,ClubOS,Virtual front desk AI Agent,L5.  Entirely new product capabilities powered by AI,This solution will allow customers to automate the handling of inbound messages to the club.,0,Very Poor,3,Poor,FALSE,FALSE,TRUE,FALSE,15,10
Competitive Advantage,The percentage of inbound messages that could be handled via automation / AI.,ClubOS,Virtual front desk AI Agent,L5.  Entirely new product capabilities powered by AI,"The AI will support automating workflows that previously required human intevention, we wil measure the number of requests that could be fully handled by the AI vs those that required escalation.",5,Fair,5,Fair,TRUE,FALSE,TRUE,TRUE,31,13
Revenue Impact,Revenue from customers that upgrade to AI solution.,ClubOS,Virtual front desk AI Agent,L5.  Entirely new product capabilities powered by AI,The solution eliminates the need for clubs to have certain staff available to handle inbound requests. We would charge additional fees to enable this functionality.,2,Poor,3,Poor,FALSE,FALSE,TRUE,FALSE,25,8
Adoption Rate,Current hours devoted to creating content vary from week to week but average around 4 hours per week. The goal is to cut that time in half with AI.,ClubOS,HubSpot Marketing AI Beta,L1. Using external AI tools for basic internal productivity,"Allows us to create all content in HubSpot and allows for one simple prompt that creates content that can be used accross many different channels (Facebook, LinkedIn, Email, blogs etc...)",2,Poor,10,Excellent,FALSE,FALSE,TRUE,TRUE,30,29
Productivity Gains,"Current avg weekly demos is 5, the goal is to do 9 weekly new logo demos.",ClubOS,HubSpot Marketing AI Beta,L1. Using external AI tools for basic internal productivity,Better content will lead to more interest in COS Software.,0,Very Poor,7,Good,FALSE,FALSE,FALSE,TRUE,10,16
Cost Savings,"Since eliminatingthe Belay resource, we are saving $35K annually.",ClubOS,HubSpot Marketing AI Beta,L1. Using external AI tools for basic internal productivity,We were able to eliminate our Belay marketing recource.,0,Very Poor,2,Poor,FALSE,FALSE,FALSE,TRUE,9,9
